"PID","Ethnicity","Sex.1m","Age","height","weight"
"AABWV",2,"1",20,165.3,62.95
"AAMUT",2,"2",30,155.2,50.65
"AAF29",2,"2",17,146.1,42.1
"AAB2J",2,"2",4,96.2,13.95
"AAD9M",2,"2",14,149.2,49.8
"AAHTR",2,"2",40,148.6,44.7
"AADUG",2,"1",39,159.3,60.3
"AAEAN",2,"1",18,164.4,63.35
"AABX8",2,"1",17,160.1,48.85
"AAHTD",2,"1",10,123.6,24.8
"AACDH",2,"2",14,144.3,42.5
"AAM66",2,"1",6,101.3,15.85
"AAMHD",2,"1",43,168.5,66.8
"AAM2H",2,"2",39,155.4,57.1
"AAJHP",2,"2",15,156.2,55.9
"AAEGT",2,"1",6,115.9,21.95
"AANUF",2,"1",5,105.6,18.1
"AAADX",2,"1",1,NA,NA
"AAMY9",2,"2",22,156,57.45
"AAN3C",2,"2",24,160,53.35
"AAECF",2,"1",31,160,58.35
"AAJTF",2,"2",15,151.8,52.95
"AAKBD",2,"1",5,98,14.85
"AAJBK",2,"1",8,122.9,23.65
"AAFPH",2,"2",6,110,18.6
"AAFWQ",2,"2",4,94,13.8
"AADR3",2,"2",2,66,8.65
"AAH7W",2,"1",2,86,11.45
"AAKM4",2,"2",29,146,49.65
"AAE8V",2,"2",42,144,48
"AAF6A",2,"1",28,162,65
"AAHT9",2,"1",50,165.1,61.95
"AABWJ",2,"1",11,131.1,27.75
"AANYB",2,"1",11,122.2,23.85
"AAEV9",2,"2",7,103,15.7
"AAA9E",2,"2",6,104.1,16.55
"AAMV4",2,"1",20,164.1,76.3
"AAKTZ",2,"1",19,156.4,53.5
"AAMAH",2,"1",16,158.2,53.9
"AAMW2",2,"2",18,148.3,45.15
"AAA37",2,"2",31,147,46.7
"AAEJ8",2,"1",29,167.5,61.1
"AAGDP",2,"2",12,138.5,29.9
"AABFW",2,"2",32,151.6,44.85
"AANUZ",2,"1",35,166.3,75.6
"AAJN7",2,"2",11,128.4,27.1
"AAAVF",2,"2",8,116.3,22.4
"AAFQ9",2,"1",15,173,65
"AAMQR",2,"2",20,146.7,48.15
"AAAQY",2,"1",26,158,56.95
"AADK7",2,"2",20,146.9,47.6
"AAFYC",2,"2",47,146.1,46.95
"AAG78",2,"1",2,82,10.95
"AADAC",2,"2",28,150.7,53.5
"AAE3N",2,"2",2,70.7,8.55
"AAEE2",2,"2",6,103.1,16.8
"AAMYQ",2,"2",8,117.1,21.9
"AABNZ",2,"2",12,142.9,38.75
"AAA3B",2,"1",25,160.2,63
"AAM8U",2,"2",30,147.9,51.4
"AAFAY",2,"2",28,153.6,55.5
"AAEF7",2,"1",55,156.6,53.55
"AAB8B",2,"2",58,151.1,49.15
"AAAV4",2,"1",37,156.5,49.45
"AAHQR",2,"2",11,135.6,31.9
"AAGUH",2,"1",8,119,23
"AANF3",2,"1",3,83.9,11.6
"AAG4X",2,"1",12,140.6,34.4
"AAAZM",2,"2",5,98,14.5
"AAB4K",2,"2",4,82.5,8.4
"AAFNM",2,"2",4,95.2,13.2
"AAAAW",2,"1",8,125.6,27.5
"AAFAF",2,"1",6,108.8,18.65
"AAC83",2,"2",10,131.2,27.85
"AAMWT",2,"1",2,82.9,11.4
"AAJDK",2,"1",15,153.5,46.85
"AAB4V",2,"2",12,149.6,51.3
"AAFNT",2,"1",48,152.5,48.1
"AAH34",2,"2",38,153.4,63.85
"AAFGQ",2,"2",30,153.4,52
"AAM34",2,"2",8,117.8,21.4
"AAJCD",2,"2",5,100.5,15.35
"AAERQ",2,"1",37,168.2,57.35
"AABKX",2,"1",35,161.5,53.45
"AACY6",2,"1",38,160.6,58.8
"AAK2W",2,"1",12,131.3,28.4
"AAE8E",2,"1",8,122.4,24.45
"AANNQ",2,"1",13,139.8,34.85
"AAH4E",2,"2",9,117.7,23
"AAJVV",2,"2",13,143.8,44.2
"AAB2A",2,"2",8,122.5,23.95
"AAKV3",2,"2",10,122,22.7
"AAMYY",2,"1",15,156.2,55.6
"AAGXC",2,"1",36,153.8,54.9
"AAFX2",2,"2",36,152.2,48.6
"AACEH",2,"1",8,112,20.2
"AAAAV",2,"1",6,107.4,18.7
"AAK74",2,"1",3,92.9,15.2
"AANT2",2,"1",15,157.5,48.67
"AAAHQ",2,"1",21,167.7,75
"AAMV8",2,"1",25,160.6,56.85
"AADKB",2,"1",45,161.1,62.5
"AAB46",2,"2",44,151.9,48.05
"AAN6F",2,"1",9,127.5,27.45
"AAFFW",2,"2",20,157,54.65
"AAE7H",2,"1",4,95.3,14.35
"AAF4P",2,"2",2,85.7,11.7
"AAKUJ",2,"1",38,160.5,62.15
"AAAWC",2,"2",11,141.5,36.8
"AAGHT",2,"2",33,148.5,67.8
"AAH2P",2,"2",9,120,22.15
"AAHPT",2,"1",11,135.6,28.3
"AAHRG",2,"1",6,105.1,17.15
"AAFKW",2,"2",47,139,33.2
"AAM8P",2,"1",54,164.6,59.95
"AAETX",2,"1",16,162.2,55.95
"AAKVC",2,"2",26,157.2,51.4
"AAJTX",2,"2",5,99.2,15.05
"AAGAJ",2,"2",43,146,49.35
"AAK6B",2,"2",13,143.6,39.05
"AAFH4",2,"2",5,100.9,15.35
"AAACX",2,"2",7,106.8,19.95
"AAJGC",2,"1",25,171.6,66.75
"AAJCN",2,"1",22,161.7,56.15
"AACDJ",2,"1",59,158,53.75
"AAHJJ",2,"1",19,164.5,57.65
"AAGDG",2,"2",56,145.5,41.3
"AAD2W",2,"2",20,158.9,57.85
"AAHFU",2,"1",7,114,22.2
"AAKMB",2,"2",5,105,16.4
"AAH9Z",2,"1",4,97.2,14.65
"AAN3W",2,"2",41,150.1,50.3
"AABP8",2,"2",11,134.9,29.9
"AAEM3",2,"2",1,74.9,9.1
"AAMQH",2,"1",12,132.8,30.3
"AAKB2",2,"1",41,161.9,59.3
"AAJT4",2,"1",10,121.6,22.65
"AAM2X",2,"1",6,110.3,18.7
"AANFV",2,"1",3,93.5,13.85
"AAG4A",2,"2",9,120.5,20.35
"AAAKV",2,"1",8,121,24.5
"AAD24",2,"2",18,149.5,59.4
"AADDW",2,"1",35,165.5,54.5
"AABKH",2,"2",18,150,59.15
"AAARD",2,"2",31,146.7,47
"AAEE4",2,"1",30,159.2,55.45
"AAD27",2,"1",4,92.9,12.75
"AAB8X",2,"2",35,147.4,45.85
"AAG94",2,"1",1,77.7,11.25
"AAEQ2",2,"2",6,106.5,18.65
"AAMZY",2,"2",7,106.6,17.15
"AAHMC",2,"1",8,110.8,20.4
"AADYF",2,"2",1,73.1,8.5
"AACGJ",2,"2",56,152.7,52.05
"AABJV",2,"2",23,148.7,45.25
"AANFX",2,"2",21,156.6,48.7
"AAEHW",2,"2",36,152.5,49.75
"AAGKE",2,"1",57,154,51.1
"AAJG2",2,"2",5,97.6,15
"AAK22",2,"2",2,90.2,13.25
"AAGPP",2,"2",30,148.5,49.05
"AAADV",2,"2",11,134.6,27.15
"AAMFG",2,"1",73,156.5,49.85
"AANXY",2,"1",17,157.8,53.95
"AAEJU",2,"2",19,150.4,59.4
"AABBW",2,"2",64,143.9,36.1
"AAAUE",2,"1",6,109.2,19.1
"AAKGM",2,"1",2,78.6,10.05
"AAKJ9",2,"2",28,147.7,45.2
"AAHMD",2,"2",58,153.6,45.3
"AABRG",2,"2",35,153,49.8
"AAN28",2,"2",22,147,42.65
"AAJF9",2,"2",43,145,48.6
"AANGZ",2,"1",3,80.5,10.95
"AAH3R",2,"1",2,78.6,10.3
"AACYV",2,"1",14,154,47.8
"AAHGR",2,"1",16,166.6,70.5
"AADEK",2,"2",4,83.4,11.3
"AAD4H",2,"1",43,155,49.55
"AAHCA",2,"2",48,148.7,58.15
"AAJN6",2,"2",68,136.2,35.2
"AADBR",2,"2",23,149.6,55.45
"AAJ76",2,"1",20,173.8,68.65
"AADCK",2,"1",3,92.1,13.2
"AAJ2E",2,"2",7,109.5,19
"AANK6",2,"2",7,114.3,19.85
"AAJVT",2,"1",12,141.1,33.3
"AADM6",2,"1",3,94.3,14.6
"AAEVD",2,"2",2,84.8,11.45
"AAHQF",2,"2",16,155,55.25
"AADAZ",2,"2",28,145.7,46.35
"AAC93",2,"1",24,161.1,78.6
"AAKKY",2,"2",23,147.6,53.25
"AADPQ",2,"2",50,148.1,73.05
"AAMG6",2,"1",60,152.4,75.1
"AAC3F",2,"2",23,144.5,55.85
"AAA6Y",2,"1",2,70.9,9.9
"AAHDT",2,"1",41,155.9,55.85
"AAC67",2,"1",33,173,54.5
"AANQ7",2,"2",39,150.4,49.75
"AAMF2",2,"2",58,149.9,33.9
"AANCY",2,"1",68,157.5,53.3
"AAN37",2,"2",25,156.9,60.5
"AABW9",2,"1",30,165,55.3
"AAEAC",2,"1",38,161.3,60.75
"AADHH",2,"2",34,150.9,45.5
"AAJAD",2,"2",19,147.5,45.55
"AAEFG",2,"1",3,90.5,12.85
"AAFCR",2,"1",1,72.5,8.75
"AAEP7",2,"2",43,153,51
"AAB3G",2,"1",22,161.2,61.2
"AAFWD",2,"2",20,150.2,49.75
"AAKFB",2,"1",41,152.2,57.55
"AAETT",2,"2",29,150.5,71.25
"AACX4",2,"2",11,139.1,39.4
"AAFCC",2,"1",8,122,25.7
"AACDN",2,"2",27,148.2,59.35
"AAGX9",2,"2",2,84.3,11.3
"AAHAQ",2,"1",28,157.7,55.25
"AAE9V",2,"2",43,152.9,49.05
"AAGAB",2,"1",48,159.1,59.6
"AACRZ",2,"1",20,169.2,70.3
"AAM67",2,"1",16,160,56.7
"AAMAE",2,"2",23,149.5,51.6
"AAM8B",2,"2",20,146.6,46.05
"AANAJ",2,"1",39,156.8,57.6
"AAKE8",2,"1",32,164.5,54.25
"AANCV",2,"1",33,156.5,55.7
"AACRF",2,"2",30,148.1,46.4
"AAKT6",2,"2",38,152.3,48.55
"AAETM",2,"2",26,152.9,55.9
"AANEF",2,"2",2,75.5,10.5
"AANMV",2,NA,2,82.1,10.15
"AACA2",2,"1",3,93.5,13.5
"AAGGT",2,"1",2,85,12.35
"AABRV",2,"1",73,149,55.4
"AABE3",2,"1",43,156.3,58.55
"AAEN9",2,"1",19,158.1,65.8
"AANW7",2,"2",18,150.6,49.15
"AAAYD",2,"2",43,151.2,59.75
"AAH2E",2,"2",2,79.9,9.95
"AABGX",2,"1",37,149.3,51
"AAC36",2,"2",33,150,55.8
"AAMUK",2,"2",20,153.8,54.5
"AAEY3",2,"1",40,158.9,65.5
"AAD7Z",2,"2",31,146.4,46.5
"AAD8X",2,"2",53,149.7,53.7
"AAC9U",2,"1",26,156.1,51.4
"AAA7G",2,"2",27,143.3,49.3
"AADJ2",2,"1",47,151.3,51.45
"AAMQX",2,"2",7,110.1,20.3
"AAEEU",2,"1",20,157.5,54.8
"AAGNH",2,"2",43,150.3,44.95
"AADCX",2,"2",18,154.9,60.7
"AAFNG",2,"2",34,151.5,57.2
"AAD8H",2,"2",9,125.6,27.9
"AAFWB",2,"2",11,136.4,33.7
"AAEG6",2,"2",4,95.5,15.5
"AANFU",2,"1",43,161,61.15
"AAGAV",2,"2",25,147.5,47.3
"AAJKN",2,"2",70,139,47.15
"AAFU2",2,"1",12,138,34.5
"AAAZG",2,"1",5,100.5,16.5
"AAKAA",2,"1",10,126.6,28.25
"AAE3E",2,"2",10,120.2,24.3
"AAGP3",2,"2",11,135,34.25
"AAN6Q",2,"1",9,126.1,26.5
"AANHJ",2,"2",7,112,21.45
"AAD8Q",2,"2",7,112,19.05
"AADHC",2,"1",71,153.3,61.9
"AAN4P",2,"1",18,155.3,51.6
"AAA8M",2,"1",46,165.4,58.05
"AAMEZ",2,"1",30,162.5,62.9
"AAFN6",2,"2",20,146.7,45.4
"AABHH",2,"2",45,144.8,41.3
"AAD32",2,"1",6,106.9,18
"AAHBG",2,"1",68,156.2,46.75
"AAFX9",2,"2",68,143.5,40.2
"AAJJ2",2,"1",28,166.5,63.1
"AAGU2",2,"1",50,154.4,61.85
"AANYF",2,"2",53,132.5,38.15
"AAFJ3",2,"2",28,146.2,49.75
"AANX2",2,"1",12,135.5,30.8
"AAHYR",2,"1",13,142.4,39.45
"AAKVK",2,"1",8,116.5,20.6
"AAM6F",2,"1",3,127,25.3
"AADFA",2,"1",5,101.5,15.85
"AAGZB",2,"1",3,92.9,13.65
"AAKU9",2,"2",2,75.1,9.85
"AAJ6B",2,"1",12,131.6,29.6
"AAEA9",2,"1",10,126.1,27.4
"AAE9G",2,"1",13,139.8,37
"AAFDX",2,"1",11,126.6,26.3
"AAFKU",2,"1",8,120.5,23.85
"AAHUE",2,"2",25,153.1,48.55
"AAF47",2,"1",30,165.1,65.3
"AAMJX",2,"2",11,145.6,37.45
"AAA3W",2,"1",1,81.8,NA
"AAJBP",2,"1",4,107.3,19.45
"AAAZW",2,"2",8,122.2,25.3
"AANVX",2,"1",31,150.8,49.65
"AAJ4U",2,"2",40,143.4,55.95
"AAJT6",2,"1",12,149.3,45.8
"AAHTY",2,"1",7,110,22.7
"AAFKC",2,"1",3,90,14.1
"AAFAC",2,"2",3,89.9,12.85
"AAF79",2,"1",48,162.9,60.85
"AAAEQ",2,"2",8,116.2,23.15
"AABGE",2,"2",23,147.5,51.05
"AAGPX",2,"2",5,99.5,15.55
"AAMWH",2,"1",4,98.7,15.9
"AACWR",2,"1",5,99.1,15.5
"AACTW",2,"2",4,99.4,15.05
"AAN32",2,"1",5,98.1,14.9
"AAD3X",2,"1",3,88.4,12.6
"AAK69",2,"2",3,90.1,13.15
"AANRB",2,"2",4,96.8,15.8
"AAFWX",2,"1",5,99.4,15.9
"AADFA",2,"1",5,97.2,15
"AAE7T",2,"2",5,101.3,16
"AAMMD",2,"2",29,154,59.05
"AACPX",2,"1",17,158.4,50.8
"AADFH",2,"2",7,109.6,18.95
"AAKBQ",2,"1",7,107.8,17.95
"AAGQE",2,"1",6,104.9,16.65
"AAJ2E",2,"2",7,109.6,18.9
"AACBC",2,"2",7,112.4,20.25
"AAFMR",2,"2",7,113,19.2
"AAHRV",2,"2",6,105.8,17.9
"AABJJ",2,"2",8,118,21.55
"AAEVP",2,"2",8,115.7,20.3
"AANK6",2,"2",7,114.8,20.35
"AAFWB",2,"2",11,125,23.3
"AAJ6V",2,"2",11,135.2,36.35
"AACNJ",2,"2",11,134.5,27.1
"AAF33",2,"2",10,124.2,25.55
"AAHMX",2,"2",11,143.2,41.55
"AAJAG",2,"1",7,120.1,23.55
"AAHTH",2,"2",13,131.7,30.9
"AAJNY",2,"1",11,132.3,27.05
"AANFR",2,"1",12,154.5,43.65
"AAEUV",2,"2",13,146.8,41.5
"AAMDX",2,"1",12,153.5,42.75
"AAJAE",2,"2",10,132.7,30.75
"AAAPC",2,"1",13,157.7,53.15
"AAMTM",2,"2",11,136.7,33.55
"AAGZW",2,"1",12,151,42.35
"AAHKX",2,"2",15,155.8,55.65
"AANKW",2,"2",13,153.2,45.3
"AAK3D",2,"2",12,142.3,37.85
"AADKW",2,"2",9,122.8,24.7
"AACW9",2,"2",8,118.9,25.3
"AACZ4",2,"1",7,110.9,19.25
"AAGTG",2,"1",8,111.8,20.5
"AADVA",2,"1",8,108.7,20.15
"AAJND",2,"2",24,153.9,54.65
"AAKDE",2,"1",2,85.5,12.05
"AAE43",2,"1",27,162.7,68.65
"AANUA",2,"1",22,161.8,65.45
"AACT6",2,"1",30,159.5,73.05
"AAF6N",2,"1",27,153.8,74.15
"AAEMD",2,"2",16,148.9,51.2
"AAKRX",2,"2",1,NA,NA
"AAFHC",2,"2",9,118.9,14.45
"AAKDU",2,"2",14,147.5,47.55
"AAFHN",2,"2",15,144.4,52.9
"AAE4D",2,"2",13,139.6,47.05
"AAK7N",2,"1",17,159,62.25
"AABJW",2,"2",18,154.9,65.2
"AAMQM",2,"1",18,159.4,53.25
"AAMZP",2,"1",13,135.1,31.15
"AAD6C",2,"1",19,170.5,62.7
"AANAH",2,"1",18,158.2,63.05
"AAF8U",2,"1",15,161.2,55.4
"AAE3W",2,"1",15,145.8,43.6
"AAEW4",2,"1",18,152.6,52.45
"AAGYW",2,"1",15,154.2,53.65
"AAGAN",2,"1",14,153.9,44.35
"AAH9K",2,"1",15,151,42.7
"AAETK",2,"1",18,167.7,57.55
"AAA48",2,"1",13,140.2,35.6
"AAB2R",2,"2",12,144.4,41.55
"AAEYA",2,"2",14,150.9,52.9
"AAKC7",2,"2",16,161.6,62.45
"AAMV9",2,"2",16,151.5,52.55
"AAJMN",2,"2",19,151.1,51.35
"AAGE7",2,"2",14,152.5,48.8
"AAC37",2,"2",17,154.4,59.45
"AABYP",2,"1",16,153.4,49.45
"AABBX",2,"1",18,159.3,61.2
"AAKJB",2,"1",18,162,60.1
"AABX3",2,"2",14,144.7,54.4
"AABTE",2,"1",16,163.6,58.4
"AACGZ",2,"2",15,151.2,49.8
"AAHTH",2,"2",13,143.8,43.05
"AAHF2",2,"1",17,170.5,61.2
"AAFGN",2,"1",15,158.4,52.55
"AAF6Z",2,"2",13,154.6,50.3
"AAHQ9",2,"2",16,151.9,50.8
"AAD3C",2,"1",14,142.7,38.7
"AADD4",2,"1",19,166.5,59.55
"AAEUX",2,"1",17,161,59
"AAKPZ",2,"1",50,160,66
"AAJHT",2,"2",45,151,66
"AAD7D",2,"2",25,152,49
"AAMWG",2,"2",21,154,48
"AAHHA",2,"2",31,159,54
"AAANQ",2,"1",21,166,63
"AAGXX",2,"2",19,150,51
"AAEW4",2,"1",19,153,52
"AAA48",2,"1",14,147,43
"AAF7N",2,"2",12,132,33
"AAM2K",2,"2",9,124,27
"AAH79",2,"1",6,110,19
"AAGFV",2,"1",6,109,19
"AACY3",2,"1",4,105,17
"AAJYN",2,"1",31,157,70
"AAHJQ",2,"2",19,152,49
"AAKJJ",2,"2",25,152,50
"AAHHK",2,"1",6,114,20
"AAFMV",2,"2",50,152,43
"AAFTT",2,"2",4,96,14
"AAEHE",2,"2",34,159,60
"AAFBB",2,"1",44,162,62
"AAKC7",2,"2",17,162,63
"AAMNA",2,"2",18,147,53
"AABW3",2,"2",13,140,37
"AAJM9",2,"2",7,115,20
"AAM7D",2,"2",4,105,16
"AAM63",2,"1",2,80,11
"AAD7U",2,"1",52,163,67
"AAMAH",2,"1",17,159,60
"AAM8P",2,"1",55,165,62
"AAFKW",2,"2",48,140,35
"AABJV",2,"2",24,149,46
"AADYF",2,"2",2,84,11
"AAMZY",2,"2",8,113,19
"AAK22",2,"2",3,98,14
"AABFT",2,"2",11,136,31
"AAHPT",2,"1",12,144,35
"AAMPX",2,"2",4,93,13
"AAG9Z",2,"1",47,164.9,76.9
"AAAWU",2,"2",46,148.1,55.15
"AAKRQ",2,"2",44,147,45.55
"AACM2",2,"1",26,167.3,72.3
"AAGAQ",2,"2",28,147.7,69.25
"AABTD",2,"1",18,155.9,50.9
"AAD3C",2,"1",16,154.5,51.15
"AADWA",2,"2",19,150.5,53.1
"AAG72",2,"2",15,163.3,54.4
"AAC4Z",2,"2",11,141.2,35.95
"AAHCF",2,"2",12,132.7,29.3
"AAFN8",2,"1",8,118.6,22.6
"AAMQE",2,"2",9,117.9,20.75
"AAKUB",2,"1",5,113.4,19.7
"AAED3",2,"2",5,105.5,15
"AADRR",2,"2",8,107.1,16.45
"AAKGV",2,"2",3,95.1,13.35
"AAATX",2,"2",27,151,55.6
"AAFA7",2,"2",26,161.1,60.2
"AADTA",2,"2",6,109.6,19.15
"AABCU",2,"2",10,130.5,28.7
"AAAY8",2,"2",3,93.2,12.9
"AAHXU",2,"2",36,157.3,58.45
"AAHPW",2,"1",29,161.2,73.85
"AAMB8",2,"2",10,140.2,32.9
"AADMM",2,"2",9,130.8,35.9
"AANFC",2,"1",7,118.6,29.85
"AACHE",2,"2",5,102.7,15.65
"AAJ3W",2,"1",5,103.7,16.3
"AACRQ",2,"1",35,163.4,65.15
"AAAK7",2,"2",46,147.6,56.15
"AAKVA",2,"1",11,139.8,38
"AAHV8",2,"2",7,119.9,23.45
"AAMQ2",2,"1",3,88.4,13.05
"AAHR7",2,"1",48,162.7,58.5
"AAKM3",2,"2",57,152.2,68.1
"AAD6C",2,"1",21,170,64.8
"AAEAW",2,"2",21,149.2,50.45
"AAEMQ",2,"2",11,150.2,44
"AAGJ8",2,"1",6,118.4,21.8
"AANGB",2,"2",71,146.1,41.52
"AACEP",2,"1",24,162.3,63.6
"AAGTQ",2,"1",20,167.4,68.1
"AAJMC",2,"1",14,167.8,56.75
"AAMZQ",2,"1",65,153.4,56.2
"AAEE4",2,"1",32,158,57.05
"AAARD",2,"2",33,146.3,46.6
"AAKWK",2,"2",15,147.7,43.8
"AAEDZ",2,"1",14,137,33.85
"AAEQ2",2,"2",8,116.2,22.45
"AAJ6H",2,"1",21,166,62
"AAD27",2,"1",6,101.6,15.55
"AAAW2",2,"1",4,89,13.4
"AAG7Z",2,"1",1,66.5,6.45
"AAGXC",2,"1",38,152.7,53.25
"AAFX2",2,"2",38,152,46.65
"AANT2",2,"1",17,163.6,59.15
"AAD83",2,"2",15,151,50.15
"AAAAV",2,"1",8,118.5,23.85
"AACEH",2,"1",10,122.2,24.05
"AAK74",2,"1",5,104.2,18.35
"AADUG",2,"1",41,157.9,62.3
"AACDH",2,"2",16,145.5,44.2
"AAM66",2,"1",8,112.8,19.35
"AANXY",2,"1",19,159.1,59.15
"AAGTH",2,"2",15,148,49.05
"AAMFG",2,"1",75,155,51.45
"AABBW",2,"2",66,142.5,37.1
"AAGPP",2,"2",32,147.4,50.4
"AAEJU",2,"2",21,149.2,53.6
"AAADV",2,"2",13,149.2,41.5
"AAAUE",2,"1",8,119,23.55
"AAKGM",2,"1",4,91.1,13.7
"AAMED",2,"1",3,77.6,10.1
"AAMV8",2,"1",27,160.6,59.65
"AABRG",2,"2",37,153.8,53.5
"AACY6",2,"1",40,159.5,66.6
"AAJTF",2,"2",17,153.3,58.8
"AAKV3",2,"2",12,137.2,32.4
"AACGF",2,"1",10,131.4,29.55
"AAH3R",2,"1",4,92.1,13.4
"AAB4V",2,"2",14,152.1,60.1
"AAEC2",2,"2",9,119.5,23.9
"AAGKE",2,"1",59,154.1,48.55
"AAHQA",2,"1",25,161.8,64.7
"AAEHW",2,"2",38,153.1,47.95
"AABJV",2,"2",25,149.7,46.6
"AACGJ",2,"2",58,153.9,46.9
"AAHMC",2,"1",10,119.5,24.05
"AAJTD",2,"1",7,106.9,18.2
"AAMZY",2,"2",9,116.4,21.5
"AAK22",2,"2",4,104,16.35
"AADYF",2,"2",3,91.8,12.35
"AAF3A",2,"1",4,89.7,13.1
"AAM2K",2,"2",10,130,29.6
"AAEW4",2,"1",20,152.8,52.35
"AAKFM",2,"1",45,162.4,55.9
"AAEGT",2,"1",8,126.8,27.05
"AAF4T",2,"1",7,115,22.9
"AAM2H",2,"2",41,154,55.85
"AAADX",2,"1",3,93.5,14.55
"AAG78",2,"1",4,94.8,14.7
"AAFUM",2,"1",13,133,32.25
"AAEXB",2,"1",9,122.3,26.55
"AAHHA",2,"2",32,157.4,54.55
"AAEAR",2,"2",44,148.7,50.3
"AABMX",2,"2",6,104.1,18
"AADJ4",2,"2",7,110.9,19.15
"AADB7",2,"2",22,146.7,53.9
"AAJTT",2,"2",8,123.9,24.6
"AAJWB",2,"1",3,81.4,11
"AABP8",2,"2",13,145.9,43.05
"AAN3W",2,"2",43,149.6,52.8
"AAMQH",2,"1",14,145,38.45
"AAJT4",2,"1",12,129.8,26.7
"AAM2X",2,"1",8,115.1,21.75
"AAEM3",2,"2",3,85.6,12.05
"AANFV",2,"1",5,102.7,17.45
"AAACX",2,"2",9,115.5,26.5
"AAG4A",2,"2",11,127.4,26.15
"AAKB2",2,"1",43,162.1,65.6
"AAJTX",2,"2",7,111.6,18.9
"AABVF",2,"2",2,87.4,13.35
"AAKVC",2,"2",28,154.8,52
"AAAVF",2,"2",10,130.5,30.4
"AAHT9",2,"1",52,165.8,67.95
"AAE8V",2,"2",44,144.1,51.55
"AABWJ",2,"1",13,142.6,36.6
"AAFYW",2,"2",7,107,20.85
"AAGV4",2,"1",2,78.3,10.7
"AAFVQ",2,"2",6,107.6,19.15
"AAEV9",2,"2",9,113.7,21.2
"AAEJA",2,"2",4,93,14.5
"AAEY4",2,"2",9,112.7,22.15
"AAA9E",2,"2",8,115.6,21.15
"AAF6A",2,"1",30,162,67.25
"AAKM4",2,"2",31,144.9,51.3
"AANUZ",2,"1",37,165.3,77.05
"AABFW",2,"2",34,152.8,50.45
"AAFQ9",2,"1",17,175.4,73.25
"AAB2R",2,"2",14,147.7,52.45
"AAM8P",2,"1",56,162.9,58.4
"AAFKW",2,"2",49,138.8,34.4
"AAHPT",2,"1",13,151.5,42.75
"AAKUJ",2,"1",40,158.3,59.6
"AAGHT",2,"2",35,146.8,63.55
"AAAWC",2,"2",13,149.8,47.15
"AAHRG",2,"1",8,112.6,20.7
"AAMFE",2,"1",28,158.1,57.25
"AAH34",2,"2",40,152.8,62.05
"AAM34",2,"2",10,125.9,25.95
"AAA6R",2,"1",7,108.8,18.6
"AAFV6",2,"1",14,148.6,47.8
"AAJCN",2,"1",24,161.2,57.95
"AAKCH",2,"2",24,146.5,52
"AAGWB",2,"2",11,130.9,27.05
"AAEYD",2,"2",5,102.6,16.3
"AAGFQ",2,"1",16,154.2,54.1
"AAGAN",2,"1",16,164.1,58.3
"AAA3B",2,"1",27,160.4,61.95
"AADAC",2,"2",30,150,48.75
"AABNZ",2,"2",14,151.3,53.1
"AAJZE",2,"2",13,153,54.85
"AAMYQ",2,"2",10,127,26.1
"AAEE2",2,"2",8,112.8,20.5
"AAB43",2,"2",4,83.7,12.2
"AAMZJ",2,"2",2,73.1,8.65
"AAMYY",2,"1",17,158,65.4
"AAFG6",2,"1",2,NA,NA
"AAA37",2,"2",33,146,49.5
"AAFYC",2,"2",49,142,40.7
"AAEJ8",2,"1",31,167.5,64.3
"AAMJE",2,"1",12,137.5,35.6
"AAK86",2,"2",4,92,13.65
"AAJJZ",2,"1",52,153.6,51
"AADKB",2,"1",47,160.1,62.55
"AAB46",2,"2",46,151.2,49.05
"AAHQ7",2,"1",20,172.1,72.5
"AAF6Z",2,"2",15,157.4,55.5
"AADK7",2,"2",22,146,48.1
"AAHEY",2,"2",20,153,56.2
"AAGDP",2,"2",14,147.4,39.15
"AAKBD",2,"1",7,110,18.45
"AAE7H",2,"1",6,110,19
"AAH7W",2,"1",4,98.2,15.85
"AAF4P",2,"2",4,98.2,15.75
"AAG94",2,"1",3,86,11.6
"AAHTR",2,"2",42,147,46
"AAEAN",2,"1",20,163.5,63.8
"AAHTD",2,"1",12,134.4,31.55
"AAB2A",2,"2",10,133.8,30.1
"AAA3Q",2,"2",3,87.9,12.5
"AAKJ9",2,"2",30,147.2,50.1
"AAEXZ",2,"1",13,141.8,32.3
"AAERQ",2,"1",39,167.5,55.9
"AANGZ",2,"1",5,93.2,13.65
"AAF6C",2,"1",9,122.2,24.3
"AAMPB",2,"1",7,109.1,17.55
"AAH6F",2,"2",11,131.7,28.45
"AAJAC",2,"1",50,155.2,51.35
"AABKX",2,"1",37,160.4,56.4
"AAJF9",2,"2",45,144.1,51.1
"AANNQ",2,"1",15,152.7,51.8
"AAH4E",2,"2",11,130.3,30.45
"AAFFV",2,"2",8,109.6,20.6
"AADEK",2,"2",6,96,14.35
"AAJDK",2,"1",17,156.5,53.8
"AAEYA",2,"2",16,153.4,54
"AAG4X",2,"1",14,158.8,51.8
"AAC83",2,"2",12,45.9,43.2
"AAAAW",2,"1",10,134.4,34.55
"AAFNM",2,"2",6,107,17.5
"AAMWT",2,"1",4,95.7,15.25
"AAM8U",2,"2",32,147.9,53.55
"AABKT",2,"1",40,157.1,55.05
"AAHMD",2,"2",60,151,43
"AAJW2",2,"1",65,152.3,48.15
"AAE4J",2,"2",65,147.1,40.6
"AAE2E",2,"2",22,145.1,51
"AAAJ3",2,"2",8,115.4,21.95
"AABV7",2,"2",6,100.4,15.9
"AAEXH",2,"2",3,82.6,10.7
"AAN28",2,"2",24,144.1,44.5
"AAETX",2,"1",18,162.2,59.95
"AAJQR",2,"2",25,146.9,48.55
"AAABT",2,"1",24,154.3,59.05
"AAGXD",2,"1",2,78,9.25
"AAK9Y",2,"1",25,162.7,64.7
"AAMHD",2,"1",45,168.5,69.45
"AAH2P",2,"2",11,129.1,27.55
"AANXE",2,"1",27,165.6,59.45
"AAH3B",2,"2",20,148.9,45.15
"AAC69",2,"2",50,150.5,42.5
"AAKNF",2,"1",36,163,67.3
"AAD24",2,"2",20,149,61.05
"AADXX",2,"1",4,88.9,11.75
"AAGM7",2,"1",5,100,16.55
"AAD6C",2,"1",21,170.7,64.4
"AACGZ",2,"2",17,151.8,54.3
"AANAH",2,"1",20,159.4,59
"AAETK",2,"1",20,166.9,56.8
"AAGE7",2,"2",16,155.1,55.9
"AANFR",2,"1",14,166.7,57.05
"AAJVV",2,"2",15,147.5,55.65
"AABW3",2,"2",14,147.6,56.6
"AAE2M",2,"2",14,147,50.4
"AAB2R",2,"2",14,149.4,57.45
"AAHPT",2,"1",13,153.2,47.1
"AABFT",2,"2",12,146,46.5
"AAE3W",2,"1",17,152.4,52.6
"AAK3D",2,"2",14,152.9,54.1
"AAF7N",2,"2",13,144,45.95
"AAEUV",2,"2",15,151.7,54.85
"AABP8",2,"2",13,149.6,46.8
"AAK7N",2,"1",19,159.8,62.15
"AAMZP",2,"1",15,155.9,50.3
"AAE9G",2,"1",15,157.4,58.4
"AAJ6B",2,"1",14,146.1,43.6
"AAFDX",2,"1",13,148.1,45.4
"AAAUR",2,"1",13,149.4,39.85
"AAK2W",2,"1",14,148.9,45.4
"AANYB",2,"1",13,134.3,32.95
"AAGZW",2,"1",14,158.7,52.85
"AAFHN",2,"2",17,146.4,57.4
"AAKDU",2,"2",16,151.2,56.45
"AAMTM",2,"2",13,148.1,54.4
"AAEMQ",2,"2",11,152.4,50.95
"AAFWB",2,"2",13,150.5,56.45
"AAHCF",2,"2",12,136.7,38.35
"AAJBJ",2,"2",12,135.3,36.95
"AAJN7",2,"2",13,146.8,48
"AACX4",2,"2",13,148.5,57.8
"AAJHP",2,"2",17,156.8,57.6
"AAE4D",2,"2",15,141.9,50.5
"AAHTH",2,"2",15,148.9,52.75
"AACPX",2,"1",19,162.5,58.75
"AABTD",2,"1",18,156.5,47.9
"AAJNY",2,"1",13,153.5,39.15
"AAHF2",2,"1",19,171.3,64.25
"AADDN",2,"1",16,158.5,51.85
